"   ","CATERING_ID","NAME","COSHER"
"1","30","Charlize","N"
"2","46","Chubby","N"
"3","60","Roy","Y"
"4","70","Gran","Y"
"5","73","Wayman","Y"
"6","87","Udo","Y"
"7","102","Clarence","Y"
"8","113","Alannah","Y"
"9","135","Radney","N"
"10","184","Rose","N"
"11","200","Goran","N"
"12","202","Mike","Y"
"13","209","Samuel","Y"
"14","267","Powers","Y"
"15","290","Dennis","N"
"16","291","Mia","Y"
"17","313","Luke","N"
"18","324","Hilary","Y"
"19","326","Walter","Y"
"20","344","Nicolas","N"
"21","349","Fiona","N"
"22","402","Gladys","N"
"23","430","Howard","N"
"24","433","Roberta","Y"
"25","468","Horace","N"
"26","520","Emm","Y"
"27","532","Woody","N"
"28","539","Lena","Y"
"29","550","Debra","N"
"30","568","Linda","N"
"31","572","Christopher","Y"
"32","580","Susan","N"
"33","585","Mary","N"
"34","594","Chad","N"
"35","608","Warren","N"
"36","618","Trace","N"
"37","624","Maceo","N"
"38","638","Rade","N"
"39","653","Benjamin","N"
"40","666","Wayman","Y"
"41","671","Sara","N"
"42","675","Carolyn","Y"
"43","729","Ronnie","N"
"44","740","Clay","Y"
"45","744","Renee","Y"
"46","751","Kitty","Y"
"47","754","Ritchie","Y"
"48","779","Gailard","Y"
"49","781","Suzy","N"
"50","18","Chubby","N"
"51","19","Patty","Y"
"52","23","Emm","N"
"53","31","Tom","Y"
"54","39","Sal","Y"
"55","40","Dianne","Y"
"56","48","Joanna","Y"
"57","59","Neil","Y"
"58","61","Brenda","N"
"59","75","Timothy","N"
"60","91","Tal","Y"
"61","94","Freddy","Y"
"62","116","Busta","N"
"63","126","Bobby","N"
"64","127","Andre","Y"
"65","131","Steven","N"
"66","137","Salma","N"
"67","140","Nastassja","Y"
"68","144","Peter","N"
"69","145","Howie","N"
"70","191","Angie","N"
"71","192","Chloe","N"
"72","197","Amanda","Y"
"73","206","Joshua","Y"
"74","208","Colm","N"
"75","212","Jody","Y"
"76","214","Daryle","N"
"77","218","Davey","N"
"78","229","Glenn","N"
"79","264","Nik","Y"
"80","271","Forest","Y"
"81","288","Rachael","N"
"82","316","Barbara","Y"
"83","332","Horace","N"
"84","25","Stephen","N"
"85","33","Joaquin","Y"
"86","47","Randall","Y"
"87","80","Jean-Luc","Y"
"88","90","Dennis","N"
"89","93","Curt","Y"
"90","97","Sydney","N"
"91","104","Uma","Y"
"92","129","Hank","N"
"93","153","Ashton","Y"
"94","155","Carlene","N"
"95","180","Josh","N"
"96","186","Nathan","Y"
"97","194","Curtis","N"
"98","199","Alice","Y"
"99","245","Mili","N"
"100","249","Albertina","Y"
"101","251","Emm","N"
"102","258","Angie","N"
"103","263","Frances","N"
"104","286","Paul","Y"
"105","318","Warren","Y"
"106","322","Rose","N"
"107","323","Ashton","Y"
"108","329","Herbie","Y"
"109","366","Jimmy","Y"
"110","368","Frances","N"
"111","377","Lindsay","N"
"112","390","Liev","N"
"113","397","Franco","N"
"114","398","Kylie","Y"
"115","423","Judge","N"
"116","434","Albertina","Y"
"117","441","Debbie","N"
"118","446","Mary Beth","Y"
"119","450","Omar","Y"
"120","451","Ritchie","N"
"121","463","Rodney","N"
"122","467","Rowan","Y"
"123","469","Mandy","Y"
"124","474","Marc","N"
"125","480","Jill","N"
"126","482","Guy","Y"
"127","510","King","Y"
"128","530","Brenda","N"
"129","538","Latin","Y"
"130","542","Sean","N"
"131","545","Joey","Y"
"132","553","Ahmad","N"
"133","559","Wally","Y"
"134","570","Frankie","N"
"135","571","Chaka","Y"
"136","575","Kirk","N"
"137","579","Garland","N"
"138","629","Hilary","N"
"139","631","Gavin","N"
"140","656","Kieran","N"
"141","677","Bernard","Y"
"142","688","Curtis","Y"
"143","695","Richard","Y"
"144","755","Kieran","N"
"145","769","Alan","Y"
"146","771","Rufus","Y"
"147","794","Neve","N"
"148","799","Leonardo","Y"
"149","16","Ivan","Y"
"150","336","Tara","N"
"151","432","Halle","Y"
"152","437","Gena","Y"
"153","440","Todd","N"
"154","457","Zooey","Y"
"155","458","Denzel","Y"
"156","511","Tcheky","Y"
"157","522","Percy","Y"
"158","527","Ice","Y"
"159","540","Kurtwood","Y"
"160","647","Charlie","Y"
"161","651","Victor","N"
"162","652","Raul","N"
"163","665","Ronnie","N"
"164","670","Lea","N"
"165","706","Parker","N"
"166","732","Vanessa","Y"
"167","758","Mint","Y"
"168","762","Jonny","N"
"169","784","Peabo","N"
"170","787","Elle","Y"
"171","12","Rolando","Y"
"172","53","Tim","N"
"173","76","Leo","Y"
"174","86","Lena","N"
"175","100","Noah","Y"
"176","103","Robbie","Y"
"177","111","Nile","N"
"178","121","Charlize","N"
"179","151","Stellan","Y"
"180","164","Kyle","Y"
"181","190","Andrae","Y"
"182","213","Nikka","N"
"183","224","Mary-Louise","Y"
"184","226","Don","Y"
"185","230","Al","N"
"186","232","Ricardo","Y"
"187","237","Will","N"
"188","240","Jonny Lee","N"
"189","247","Gene","N"
"190","250","Leslie","N"
"191","281","Rowan","N"
"192","337","Rosco","Y"
"193","352","Don","N"
"194","355","Bonnie","N"
"195","372","Angela","N"
"196","401","Ming-Na","N"
"197","403","Moe","N"
"198","408","Saul","N"
"199","464","Loreena","Y"
"200","465","Elias","N"
"201","490","Sally","Y"
"202","502","Dabney","Y"
"203","505","Humberto","Y"
"204","519","Omar","Y"
"205","526","Dabney","Y"
"206","544","Cameron","N"
"207","547","Nickel","N"
"208","548","Earl","Y"
"209","574","Julianne","N"
"210","586","Yolanda","N"
"211","588","Ron","Y"
"212","661","Trini","Y"
"213","678","Anjelica","Y"
"214","681","Wallace","Y"
"215","714","Lizzy","N"
"216","723","Brad","N"
"217","726","Talvin","Y"
"218","733","Bruce","Y"
"219","741","Howard","Y"
"220","743","Lauren","Y"
"221","750","Michael","N"
"222","753","Connie","Y"
"223","761","Barbara","N"
"224","775","Mae","N"
"225","777","Paula","Y"
"226","2","Mira","N"
"227","4","Emilio","Y"
"228","17","Treat","N"
"229","38","Sander","N"
"230","54","Jesse","Y"
"231","72","Nikka","N"
"232","83","Bernie","Y"
"233","108","Samantha","Y"
"234","161","Kathleen","Y"
"235","175","Selma","Y"
"236","185","Kazem","N"
"237","195","Jean-Luc","N"
"238","211","Ryan","Y"
"239","215","Aidan","Y"
"240","239","Dylan","Y"
"241","280","Larry","Y"
"242","282","Crystal","N"
"243","297","Cherry","Y"
"244","300","Rosario","N"
"245","343","Naomi","N"
"246","362","Benjamin","Y"
"247","373","Miguel","N"
"248","413","Gaby","Y"
"249","422","Juan","N"
"250","459","Red","N"
"251","500","Cate","N"
"252","555","Kylie","Y"
"253","560","Eileen","N"
"254","591","Irene","N"
"255","599","Lonnie","Y"
"256","603","Brothers","Y"
"257","645","Angie","Y"
"258","669","Roddy","N"
"259","680","Demi","N"
"260","707","Cornell","Y"
"261","711","Jared","N"
"262","763","Jeremy","Y"
"263","788","Jesus","Y"
"264","21","Ming-Na","N"
"265","65","Amy","Y"
"266","69","Rik","Y"
"267","78","Sean","Y"
"268","141","Alessandro","Y"
"269","157","Christian","N"
"270","165","Juliet","Y"
"271","183","First","N"
"272","193","Allan","Y"
"273","227","Beth","N"
"274","243","Olga","Y"
"275","256","Bobbi","N"
"276","305","Nicky","N"
"277","309","Sissy","N"
"278","321","Freda","Y"
"279","379","Roscoe","N"
"280","392","Mike","Y"
"281","396","Nigel","Y"
"282","400","Tanya","N"
"283","404","Hilary","N"
"284","415","Heath","N"
"285","427","Buffy","Y"
"286","431","Rick","Y"
"287","473","Caroline","Y"
"288","484","Alfred","N"
"289","528","Gina","Y"
"290","536","Linda","N"
"291","549","Joaquin","Y"
"292","561","Davis","N"
"293","590","Teena","Y"
"294","598","Marisa","N"
"295","625","Charles","N"
"296","632","Swoosie","Y"
"297","682","Ramsey","Y"
"298","689","Danni","N"
"299","709","Kiefer","Y"
"300","747","Penelope","Y"
"301","790","Toni","N"
"302","791","Lena","Y"
"303","793","Maceo","N"
"304","795","Kazem","N"
"305","797","Avril","N"
"306","49","Debbie","N"
"307","52","Micky","Y"
"308","79","Hugh","Y"
"309","82","Fiona","Y"
"310","99","Rebeka","Y"
"311","128","Thora","N"
"312","143","Frank","Y"
"313","149","Maury","Y"
"314","178","Oro","Y"
"315","179","Philip","N"
"316","312","Ray","N"
"317","367","Taye","N"
"318","382","Teena","Y"
"319","419","Ernie","N"
"320","476","Kevn","N"
"321","477","Loreena","Y"
"322","478","Stewart","N"
"323","503","Warren","N"
"324","534","Tara","Y"
"325","565","Russell","Y"
"326","566","Machine","Y"
"327","611","Andrae","Y"
"328","619","Barbara","N"
"329","679","Bebe","Y"
"330","690","Nick","Y"
"331","699","Vonda","Y"
"332","756","Etta","Y"
"333","759","Herbie","N"
"334","8","Shannon","N"
"335","9","Derrick","Y"
"336","50","Bonnie","N"
"337","55","Petula","Y"
"338","58","Melanie","Y"
"339","63","Clarence","N"
"340","68","Jeroen","Y"
"341","89","Phil","Y"
"342","106","Lupe","N"
"343","118","Tori","N"
"344","158","Fred","N"
"345","160","Olga","N"
"346","198","Derrick","Y"
"347","223","Tom","N"
"348","255","Sheryl","Y"
"349","265","Alfred","N"
"350","277","Keanu","N"
"351","284","Sona","N"
"352","325","Lennie","N"
"353","334","Humberto","N"
"354","347","Jonny Lee","N"
"355","351","Kevin","Y"
"356","354","Terence","Y"
"357","374","Clay","N"
"358","380","Freddy","Y"
"359","394","Hugo","N"
"360","426","Kevn","N"
"361","445","Ryan","Y"
"362","486","Chubby","Y"
"363","533","Hikaru","N"
"364","551","Heather","N"
"365","639","Trey","N"
"366","640","Mark","N"
"367","676","Billy","N"
"368","687","Martin","Y"
"369","694","Sandra","Y"
"370","718","David","Y"
"371","720","Garland","Y"
"372","731","Olympia","N"
"373","748","Belinda","Y"
"374","770","Ellen","Y"
"375","785","Kathleen","Y"
"376","786","Geoffrey","Y"
